{"schemaVersion":"1.0","appDefinitionTemplate":{"id":"/providers/Microsoft.PowerApps/apps/","type":"Microsoft.PowerApps/apps","tags":{"primaryDeviceWidth":"1366","primaryDeviceHeight":"768","sienaVersion":"20220307T155105Z-3.22022.31.0","deviceCapabilities":"","supportsPortrait":"true","supportsLandscape":"true","primaryFormFactor":"Tablet","publisherVersion":"3.22022.31","minimumRequiredApiVersion":"2.2.0","hasComponent":"false","hasUnlockedComponent":"false","isUnifiedRootApp":"false"},"properties":{"appVersion":"2022-03-07T15:51:05Z","lifeCycleId":"Published","createdByClientVersion":{"major":3,"minor":22022,"build":31,"revision":0,"majorRevision":0,"minorRevision":0},"minClientVersion":{"major":3,"minor":22022,"build":31,"revision":0,"majorRevision":0,"minorRevision":0},"backgroundColor":"RGBA(0,176,240,1)","backgroundImageUri":"/2934315530784089175/Nc74e8651-333c-484b-8cc4-be956329acd8-logoSmallFile","displayName":"Azurison Skin Cancer Treatment Center","description":"","commitMessage":"fix for new patient\n","appUris":{"documentUri":{"value":"/2934315530784089175/N676a44e8-5303-422c-9f73-3bbaf0169db2-document.msapp"},"imageUris":[]},"createdTime":"0001-01-01T00:00:00Z","lastModifiedTime":"0001-01-01T00:00:00Z","sharedGroupsCount":0,"sharedUsersCount":0,"icons":{"smallIconUri":"/2934315530784089175/Na053bcda-49fb-4b9f-9c9b-e02025b4961a-small.png","mediumIconUri":"/2934315530784089175/Nbd4de918-59a8-4dae-b371-630b7ea1f182-medium.png","largeIconUri":"/2934315530784089175/Nfeb9d938-9596-444f-86e0-7c76d718a921-large.png","wideIconUri":"/2934315530784089175/N6d48748e-e35f-497e-bb5b-6f84044b4a75-wide.png"},"connectionReferences":{"02f36ba2-8afb-494b-9040-5406d9932017":{"id":"5cdd8aae-ea68-4e27-8074-294819d2c56c","displayName":"Office 365 Users","iconUri":"https://connectoricons-prod.azureedge.net/releases/v1.0.1551/1.0.1551.2693/office365users/icon.png","dataSources":["Office365Users"],"dependencies":[],"dependents":[],"parameterHints":{},"parameterHintsV2":{},"isOnPremiseConnection":false,"bypassConsent":false,"dataSets":{},"apiTier":"Standard","isCustomApiConnection":false,"actions":["MyProfileV2","UserPhotoV2","UserProfileV2"]},"5c336eb1-c9ca-415b-aa47-46abb4f3d28d":{"id":"7e3609a1-12d7-4de5-8a31-e29f93f06b32","displayName":"SharePoint","iconUri":"https://connectoricons-prod.azureedge.net/releases/v1.0.1554/1.0.1554.2707/sharepointonline/icon.png","dataSources":["PatientList","DoctorPatientMappingList","SlotsList"],"dependencies":[],"dependents":["aedbd91a-08c1-4d28-a4a9-0900c714ff04"],"parameterHints":{},"parameterHintsV2":{},"isOnPremiseConnection":false,"bypassConsent":false,"dataSets":{"https://z3dr3.sharepoint.com/sites/AzureisonSkinCancerTreatmentCenter":{"dataSources":{"PatientList":{"tableName":"76a20bd1-ccec-4a1d-9adc-a586806d0fcb"},"DoctorPatientMappingList":{"tableName":"f0a286ac-814f-4908-9be2-50b52e690706"},"SlotsList":{"tableName":"d9d3120a-af86-4b62-8a3c-3b53488935d0"}}}},"apiTier":"Standard","isCustomApiConnection":false,"actions":["providers/PowerPlatform.Governance/Operations/Read"]},"1875d848-c6d1-4203-ba63-70648bbe7fca":{"id":"888e3a30-b183-4558-919d-2539fbcf5370","displayName":"Logic flows","iconUri":"https://connectoricons-prod.azureedge.net/releases/v1.0.1534/1.0.1534.2605/logicflows/icon.png","dataSources":["DetectSampleImage"],"dependencies":["0708f47d-ea94-44e3-a174-0f801d2b332e"],"dependents":[],"parameterHints":{"workflowName":{"value":"40ea3fe1-2ac2-4dc1-b2b3-175a0e822a02"},"workflowEntityId":{},"0708f47d-ea94-44e3-a174-0f801d2b332e":{"value":"shared_sharepointonline"}},"parameterHintsV2":{"workflowName":{"value":"40ea3fe1-2ac2-4dc1-b2b3-175a0e822a02"},"workflowEntityId":{},"shared_sharepointonline":{"value":"0708f47d-ea94-44e3-a174-0f801d2b332e"}},"isOnPremiseConnection":false,"bypassConsent":false,"dataSets":{},"apiTier":"Standard","isCustomApiConnection":false,"actions":["Run"]},"0708f47d-ea94-44e3-a174-0f801d2b332e":{"id":"7e3609a1-12d7-4de5-8a31-e29f93f06b32","displayName":"SharePoint","iconUri":"https://connectoricons-prod.azureedge.net/releases/v1.0.1554/1.0.1554.2707/sharepointonline/icon.png","dataSources":["DoctorList","TreatmentList","SkinCancerTypeList"],"dependencies":[],"dependents":["1875d848-c6d1-4203-ba63-70648bbe7fca"],"parameterHints":{},"parameterHintsV2":{},"isOnPremiseConnection":false,"bypassConsent":false,"dataSets":{"https://z3dr3.sharepoint.com/sites/AzureisonSkinCancerTreatmentCenter":{"dataSources":{"DoctorList":{"tableName":"96b951b2-ae91-4220-922d-2f3839ac72ad"},"TreatmentList":{"tableName":"45fc21ad-51e9-4476-b29e-1164b58d5718"},"SkinCancerTypeList":{"tableName":"ca8186ac-7807-4c35-adc5-1def5ccea0fc"}}}},"apiTier":"Standard","isCustomApiConnection":false,"actions":["providers/PowerPlatform.Governance/Operations/Read"]},"aedbd91a-08c1-4d28-a4a9-0900c714ff04":{"id":"888e3a30-b183-4558-919d-2539fbcf5370","displayName":"Logic flows","iconUri":"https://connectoricons-prod.azureedge.net/releases/v1.0.1534/1.0.1534.2605/logicflows/icon.png","dataSources":["SendEmailToDoctor"],"dependencies":["48957aaf-a510-45f1-8526-497811293a8b","5c336eb1-c9ca-415b-aa47-46abb4f3d28d"],"dependents":[],"parameterHints":{"workflowName":{"value":"f2190071-4d28-482e-88ab-f4b751d04281"},"workflowEntityId":{},"48957aaf-a510-45f1-8526-497811293a8b":{"value":"shared_office365"},"5c336eb1-c9ca-415b-aa47-46abb4f3d28d":{"value":"shared_sharepointonline"}},"parameterHintsV2":{"workflowName":{"value":"f2190071-4d28-482e-88ab-f4b751d04281"},"workflowEntityId":{},"shared_office365":{"value":"48957aaf-a510-45f1-8526-497811293a8b"},"shared_sharepointonline":{"value":"5c336eb1-c9ca-415b-aa47-46abb4f3d28d"}},"isOnPremiseConnection":false,"bypassConsent":false,"dataSets":{},"apiTier":"Standard","isCustomApiConnection":false,"actions":["Run"]},"48957aaf-a510-45f1-8526-497811293a8b":{"id":"1c261040-49ba-4bfe-ae4f-70c08fe57a0d","displayName":"Office 365 Outlook","iconUri":"https://connectoricons-prod.azureedge.net/releases/v1.0.1538/1.0.1538.2621/office365/icon.png","dataSources":[],"dependencies":[],"dependents":["aedbd91a-08c1-4d28-a4a9-0900c714ff04"],"parameterHints":{},"parameterHintsV2":{},"isOnPremiseConnection":false,"bypassConsent":false,"dataSets":{},"apiTier":"Standard","isCustomApiConnection":false}},"databaseReferences":{},"almMode":"Environment","performanceOptimizationEnabled":true,"canConsumeAppPass":true,"executionRestrictions":{"isTeamsOnly":false,"dataLossPreventionEvaluationResult":{"status":"Compliant","lastEvaluationDate":"2022-03-04T05:05:33.3325206Z","violations":[],"violationsByPolicy":[],"violationErrorMessage":"The app uses the following connectors: ."}}},"appType":"ClassicCanvasApp","appComponents":[]}}