{"name":"ca9a4d05-efcc-4169-8b11-5b9f83e48a3e","id":"/providers/Microsoft.Flow/flows/ca9a4d05-efcc-4169-8b11-5b9f83e48a3e","type":"Microsoft.Flow/flows","properties":{"apiId":"/providers/Microsoft.PowerApps/apis/shared_logicflows","displayName":"SendEmailToDoctor","definition":{"metadata":{"workflowEntityId":null,"processAdvisorMetadata":null,"flowclientsuspensionreason":"None","flowclientsuspensiontime":null,"creator":{"id":"7166a363-467e-4df2-8433-798a8fa5e54d","type":"User","tenantId":"f547f2eb-18b1-47c7-9f2d-587162a7e029"},"provisioningMethod":"FromDefinition","failureAlertSubscription":true,"clientLastModifiedTime":"2022-03-06T18:03:17.6838884Z"},"$schema":"https://schema.management.azure.com/providers/Microsoft.Logic/schemas/2016-06-01/workflowdefinition.json#","contentVersion":"1.0.0.0","parameters":{"$connections":{"defaultValue":{},"type":"Object"},"$authentication":{"defaultValue":{},"type":"SecureObject"}},"triggers":{"manual":{"metadata":{"operationMetadataId":"cff24f07-1398-49dd-9865-b4fc29b514e4"},"type":"Request","kind":"PowerAppV2","inputs":{"schema":{"type":"object","properties":{"text":{"title":"Input","type":"string","x-ms-dynamically-added":true,"description":"Please enter your input","x-ms-content-hint":"TEXT"}},"required":["text"]}}}},"actions":{"Compose":{"runAfter":{"Create_item":["Succeeded"]},"metadata":{"operationMetadataId":"8108ee69-ad0b-47b1-b7bd-aac904c4e02d"},"type":"Compose","inputs":{"type":"AdaptiveCard","version":"1.3","body":[{"type":"TextBlock","size":"medium","weight":"bolder","text":"Report - Initial sample image analysis","wrap":true,"style":"heading"},{"type":"ColumnSet","columns":[{"type":"Column","items":[{"type":"Image","style":"Person","url":"@{body('Parse_JSON')?['doctor_profile_image_url']}","size":"Small"}],"width":"auto"},{"type":"Column","items":[{"type":"TextBlock","weight":"Bolder","text":"@{body('Parse_JSON')?['doctor_name']}","wrap":true},{"type":"TextBlock","spacing":"None","text":"Request raised at @{body('Parse_JSON')?['date_time_now']}","isSubtle":true,"wrap":true}],"width":"stretch"}]},{"type":"TextBlock","text":"PFB the details of the patient and a sample image with the prediction from the model.","wrap":true},{"type":"TextBlock","wrap":true,"spacing":"None","separator":true,"text":"Patient Name - @{body('Parse_JSON')?['patient_name']}\n\nPrediction from model - @{body('Parse_JSON')?['prediction']}\n"},{"type":"Image","altText":"Patient's Sample Image","width":"224px","height":"224px","url":"@{body('Parse_JSON')?['sample_image_url']}","spacing":"None"},{"type":"Input.ChoiceSet","choices":[{"title":"Yes","value":"Yes"},{"title":"basal","value":"basal"},{"title":"Dermatofibrosarcoma protuberans","value":"Dermatofibrosarcoma protuberans"},{"title":"squamous cell carcinoma","value":"squamous cell carcinoma"},{"title":"melanoma","value":"melanoma"},{"title":"Merkel","value":"Merkel"},{"title":"cutaneous","value":"cutaneous"},{"title":"Negative","value":"Negative"}],"placeholder":"Click to select your choice","isRequired":true,"label":"Is the classification from the model correct? else choose the right one.","id":"prediction_choice","errorMessage":"Please select a choice"},{"type":"Input.Date","label":"Slot Date & Time","spacing":"Small","id":"slot_date","$when":"prediction_choice != \"Negative\""},{"type":"Input.Time","spacing":"None","id":"slot_time","$when":"prediction_choice != \"Negative\""},{"type":"ActionSet","actions":[{"type":"Action.Http","title":"Submit","method":"POST","url":"https://prod-09.northcentralus.logic.azure.com:443/workflows/75092a5a095540989dc98ac7fb4f467a/triggers/manual/paths/invoke?api-version=2016-10-01&sp=%2Ftriggers%2Fmanual%2Frun&sv=1.0&sig=Tq0gVs543DiVk1Qh6BjiSMg3GHwJynSg90kiKGG6Pyo","body":"{\"patient_name\":\"@{body('Parse_JSON')?['patient_name']}\",\"prediction_choice\":\"{{prediction_choice.value}}\",\"slot_date\":\"{{slot_date.value}}\",\"slot_time\":\"{{slot_time.value}}\",\"patient_id\":\"@{body('Parse_JSON')?['patient_id']}\",\"doctor_id\":\"@{body('Parse_JSON')?['doctor_id']}\",\"doctor_name\":\"@{body('Parse_JSON')?['doctor_name']}\",\"slot_id\":\"@{outputs('Create_item')?['body/ID']}\"}","headers":[{"name":"Authorization","value":""},{"name":"Content-Type","value":"application/json"}],"id":"submit","ignoreInputValidation":true,"style":"positive"}]}],"$schema":"http://adaptivecards.io/schemas/adaptive-card.json"}},"Send_an_email_(V2)":{"runAfter":{"Compose":["Succeeded"]},"metadata":{"operationMetadataId":"e077b1a2-b9a9-4479-95ab-471be5ac38eb"},"type":"OpenApiConnection","inputs":{"host":{"apiId":"/providers/Microsoft.PowerApps/apis/shared_office365","connectionName":"shared_office365","operationId":"SendEmailV2"},"parameters":{"emailMessage/To":"@body('Parse_JSON')?['doctor_email']","emailMessage/Subject":"Request - New patient sample image initial analysis closure","emailMessage/Body":"<p>\n<script type=\"application/adaptivecard+json\">\n@{outputs('Compose')}\n</script>\n</p>","emailMessage/Importance":"High"},"authentication":{"value":"@json(decodeBase64(triggerOutputs().headers['X-MS-APIM-Tokens']))['$ConnectionKey']","type":"Raw"}}},"Parse_JSON":{"runAfter":{},"metadata":{"operationMetadataId":"1da3c080-cb6b-4ed2-96a8-0266da000639"},"type":"ParseJson","inputs":{"content":"@triggerBody()['text']","schema":{"type":"object","properties":{"doctor_id":{"type":"string"},"doctor_name":{"type":"string"},"doctor_email":{"type":"string"},"doctor_profile_image_url":{"type":"string"},"patient_id":{"type":"string"},"patient_name":{"type":"string"},"patient_email":{"type":"string"},"sample_image_url":{"type":"string"},"prediction":{"type":"string"},"date_time_now":{"type":"string"}}}}},"Create_item":{"runAfter":{"Parse_JSON":["Succeeded"]},"metadata":{"operationMetadataId":"89d299f7-9cab-41a3-967f-69e3c6a2e542"},"type":"OpenApiConnection","inputs":{"host":{"apiId":"/providers/Microsoft.PowerApps/apis/shared_sharepointonline","connectionName":"shared_sharepointonline","operationId":"PostItem"},"parameters":{"dataset":"https://z3dr3.sharepoint.com/sites/AzureisonSkinCancerTreatmentCenter","table":"d9d3120a-af86-4b62-8a3c-3b53488935d0","item/Title":"slot","item/PatientID":"@body('Parse_JSON')?['patient_id']","item/DoctorID":"@body('Parse_JSON')?['doctor_id']","item/DoctorAccepted":"No"},"authentication":{"value":"@json(decodeBase64(triggerOutputs().headers['X-MS-APIM-Tokens']))['$ConnectionKey']","type":"Raw"}}}}},"connectionReferences":{"shared_office365":{"connectionName":"shared-office365-52a135bf-773b-4684-8b36-d6b0bc212058","source":"Invoker","id":"/providers/Microsoft.PowerApps/apis/shared_office365","tier":"NotSpecified"},"shared_sharepointonline":{"connectionName":"5d4dfb695e8947479814a932602bd09b","source":"Invoker","id":"/providers/Microsoft.PowerApps/apis/shared_sharepointonline","tier":"NotSpecified"}},"flowFailureAlertSubscribed":false}}