{"name":"f59e6d98-4f15-4596-8275-36001b6029d0","id":"/providers/Microsoft.Flow/flows/f59e6d98-4f15-4596-8275-36001b6029d0","type":"Microsoft.Flow/flows","properties":{"apiId":"/providers/Microsoft.PowerApps/apis/shared_logicflows","displayName":"DetectSampleImage","definition":{"metadata":{"workflowEntityId":null,"processAdvisorMetadata":null,"flowclientsuspensionreason":"None","flowclientsuspensiontime":null,"creator":{"id":"7166a363-467e-4df2-8433-798a8fa5e54d","type":"User","tenantId":"f547f2eb-18b1-47c7-9f2d-587162a7e029"},"provisioningMethod":"FromDefinition","failureAlertSubscription":true,"clientLastModifiedTime":"2022-03-06T11:43:03.3386542Z"},"$schema":"https://schema.management.azure.com/providers/Microsoft.Logic/schemas/2016-06-01/workflowdefinition.json#","contentVersion":"1.0.0.0","parameters":{"$connections":{"defaultValue":{},"type":"Object"},"$authentication":{"defaultValue":{},"type":"SecureObject"}},"triggers":{"manual":{"metadata":{"operationMetadataId":"5f73ed8b-9c7c-42e8-ad6b-da0b38ecb03d"},"type":"Request","kind":"PowerApp","inputs":{"schema":{"type":"object","properties":{"Initializevariable_Value":{"type":"string","description":"Enter initial value","x-ms-powerflows-param-ispartial":false}},"required":["Initializevariable_Value"]}}}},"actions":{"Initialize_variable":{"runAfter":{},"metadata":{"operationMetadataId":"83c4d134-2a93-428e-9d42-97945b48dfd4"},"type":"InitializeVariable","inputs":{"variables":[{"name":"payload","type":"string","value":"@triggerBody()['Initializevariable_Value']"}]}},"Parse_JSON":{"runAfter":{"Initialize_variable":["Succeeded"]},"metadata":{"operationMetadataId":"91f7bc5d-1292-4134-be44-b5a1ad1d7c12"},"type":"ParseJson","inputs":{"content":"@variables('payload')","schema":{"type":"object","properties":{"File":{"type":"string"},"user_name":{"type":"string"},"user_id":{"type":"string"}}}}},"Call_Azure_Funtion_to_get_the_prediction":{"runAfter":{"Parse_JSON":["Succeeded"]},"metadata":{"operationMetadataId":"d7be6ee0-aec0-4299-b5f0-ef93dc75dac0"},"type":"Http","inputs":{"method":"POST","uri":"https://azurison-skin-cancer-treatment.azurewebsites.net/api/detect_type","body":{"user_id":"@body('Parse_JSON')?['user_id']","user_name":"@body('Parse_JSON')?['user_name']","image_binary":"@dataUriToBinary(body('Parse_JSON')?['File'])"}}},"Send_respond_to_PowerApps":{"runAfter":{"Parse_JSON_2":["Succeeded"]},"metadata":{"operationMetadataId":"285795a8-b46d-45be-8f27-e13565c87227"},"type":"Response","kind":"Http","inputs":{"statusCode":200,"body":"@body('Parse_JSON_2')","schema":{"type":"object","properties":{"detected_type":{"type":"string"}}}}},"Update_item":{"runAfter":{"Send_respond_to_PowerApps":["Succeeded"]},"metadata":{"operationMetadataId":"b371ef0c-1e40-406f-b1cd-93fa4156d958"},"type":"OpenApiConnection","inputs":{"host":{"apiId":"/providers/Microsoft.PowerApps/apis/shared_sharepointonline","connectionName":"shared_sharepointonline","operationId":"PatchItem"},"parameters":{"dataset":"https://z3dr3.sharepoint.com/sites/AzureisonSkinCancerTreatmentCenter","table":"76a20bd1-ccec-4a1d-9adc-a586806d0fcb","id":"@body('Parse_JSON')?['user_id']","view":"9016317a-4e09-4811-b9b9-49da4e96735e","item/Title":"@body('Parse_JSON')?['user_name']","item/CancerType/Value":"@body('Parse_JSON_2')?['detected_type']","item/ImageURL":"@concat('https://azureisonskincancer981e.blob.core.windows.net/azureison-skin-cancer-center-sample-image-storage/',body('Parse_JSON')?['user_id'],\r\n'_',body('Parse_JSON')?['user_name'],'_',body('Parse_JSON_2')?['detected_type'],'.png')"},"authentication":{"value":"@json(decodeBase64(triggerOutputs().headers['X-MS-APIM-Tokens']))['$ConnectionKey']","type":"Raw"}}},"Parse_JSON_2":{"runAfter":{"Call_Azure_Funtion_to_get_the_prediction":["Succeeded"]},"metadata":{"operationMetadataId":"08d989d4-46bd-4941-a362-6196656cf194"},"type":"ParseJson","inputs":{"content":"@body('Call_Azure_Funtion_to_get_the_prediction')","schema":{"type":"object","properties":{"detected_type":{"type":"string"}}}}}}},"connectionReferences":{"shared_sharepointonline":{"connectionName":"999acdbcbaf74d3eb9ec5b4b049f5da5","source":"Invoker","id":"/providers/Microsoft.PowerApps/apis/shared_sharepointonline","tier":"NotSpecified"}},"flowFailureAlertSubscribed":false}}